"Juego","Steam App ID","Fecha en Steam","Tipo","Video","Steam","Reseña"
"Project Zomboid","108600","30 de septiembre","Recomendado","https://www.instagram.com/shuxteam/reel/DcWLtU2vHoO/","https://store.steampowered.com/app/108600/","uno de los juegos mas inmersivos y tensos en cuanto a apocalipsis, realmente la experiencia mejora con amigos pero mandarte te va a hacer crecer el pelo en el pecho a 1000x"
"How to Fish","4001890","30 de septiembre","Recomendado","https://www.instagram.com/shuxteam/reel/Dcov0Sfpe3b/","https://store.steampowered.com/app/4001890/","tal vez no la mejor manera de aprender a pescar, pero las risas no van a faltar. en este juego literal pescas, si. pero con escopetas, snipers, bombas, literal reventas todo. jajas incluidas."
"Machine Party","4108000","30 de septiembre","Recomendado","https://www.instagram.com/shuxteam/reel/Dc6DZbAPDn6/","https://store.steampowered.com/app/4108000/","el mario party turbio, literal parece una pelicula de saw (el juego del miedo) por la cantidad de trampas turbinas y peligros quer tenes que sortear, por demas... ganarle a tus amigos."
"Date Everything!","2201320","30 de septiembre","Recomendado","https://www.instagram.com/shuxteam/reel/DdOvhC8vI8q/","https://store.steampowered.com/app/2201320/","te gusta decorar? de gustan tus muebles? bueno, podes demostrarles tu verdadero amor, literal podes salir con cualquier objeto de tu casa y realmente las interacciones son de lo mas interesantes"
"Fight'N Rage","674520","30 de septiembre","Recomendado","https://www.instagram.com/shuxteam/reel/Ddhy1fEt9PV/","https://store.steampowered.com/app/674520/","juegazo beat em up uruguayo con un estilo retro muy llamativo, sistema de combos lo hacen destacar en gameplay y una banda sonora tremendisima. ideal para reventar joystick con un pana."
"CONTROL Resonant","3669870","28 de septiembre","Recomendado","https://www.instagram.com/p/DdyrVjvTy8G/","https://store.steampowered.com/app/3669870/","aca no vas a los tiritos, te plantas de manos y sos literal el bardo reventando todo a tu paso. pero ojo, esta segunda entrega carga con toda la mistica y mitologia de la saga, expandiendo todo a 10x"
"No More Room in Hell 2","292000","15 de agosto","Recomendado","https://www.instagram.com/p/DcEVanQPbkk/","https://store.steampowered.com/app/292000/","una experiencia de supervivencia zombie diferente a lo que estamos acostumbrados, sin tanto arcade aca es mas real la situacion teniendo q cooperar con sobrevivientes para escaparnos tacticamente"
"Killing Floor 3","1430190","2 de agosto","Recomendado","https://www.instagram.com/p/Dbiymv7PPQl/","https://store.steampowered.com/app/1430190/","Luego de un año de actualizaciones, KF3 se siente como ese juego digno sucesor de sus entregas anteriores con cambios que tal vez no sean para todos... pero bastante divertido para nuevos players"
"Assassin's Creed Black Flag Resynced","3751950","11 de julio","Recomendado","https://www.instagram.com/p/Dap61upvzif/","https://store.steampowered.com/app/3751950/","un remake que se ve bien, anda bien y es algo sorprendente viniendo de una ubisoft que se dio cuenta lo que la gente pedia y como literalmente conseguir dinero luego de un par de pifies"
"007 First Light","3768760","4 de julio","Recomendado","https://www.instagram.com/p/DaYblKvvsC7/","https://store.steampowered.com/app/3768760/","Realmente es una mezcla de hitman con max payne lineal, dejandote seguir una trama de pelicula con unos graficos alucinantes y los gamerplay de los juegos mencionados segun querramos elegir el aproach"
"Company of Heroes 3","1677280","27 de junio","Recomendado","https://www.instagram.com/p/DaFx-CKvZhp/","https://store.steampowered.com/app/1677280/","el mejor juego de estrategia/accion actual de la segunda guerra, con bastante contenido y dlc copado que sigue actualizando el rooster"
"Beat The Champions","4008350","22 de junio","Informativo","https://www.instagram.com/p/DZ5O6mwPusc/","https://store.steampowered.com/app/4008350/","es uno de esos juegos que son... divertidos para tener y jugar de vez en cuando, pero es poco serio realmente, buenas licencias argentinas pero fuera de eso... no hay mucho mas. es... interesante"
"MECCHA CHAMELEON","4704690","20 de junio","Recomendado","https://www.instagram.com/p/DZ09eINt07O/","https://store.steampowered.com/app/4704690/","como prop hunt pero al extremo, sos un tipito blanco al q tenes q pintar para mimetizar con el entorno y zafar... o si jugas del lado contrario buscar al susodicho. es un delirio total."
"Burglin' Gnomes","3844970","13 de junio","Recomendado","https://www.instagram.com/p/DZifngCvMRE/","https://store.steampowered.com/app/3844970/","Tal vez el coop mas falopero que jugamos y el definitivo para boludear un finde con amigos. te metes en una casa, rompes todo fumado pero ojo... hay peligros como el abuelo justiciero o el gatonaranja"
"House Flipper Remastered Collection","3710840","6 de junio","Recomendado","https://www.instagram.com/p/DZQWZcTJPSy/","https://store.steampowered.com/app/3710840/","con un lavado de cara next gen y algunas mejoras de su segunda entrega volvio el clasico con todo su dlc incluido"
"Deep Rock Galactic: Rogue Core","2605790","30 de mayo","Recomendado","https://www.instagram.com/p/DY9qDtFvhHL/","https://store.steampowered.com/app/2605790/","mas directo. justo al hueso. rogue core agrega dificultad y ese picante roguelite a la formuila ya conocida"
"Luna Abyss","1933000","28 de mayo","Recomendado","https://www.instagram.com/p/DY2AYnnPavZ/","https://store.steampowered.com/app/1933000/","de los pocos juegos unreal engine 5 que vale la pena jugar, no solo por que anda y se ve genial sino por su premisa fps bullethell plataformero que mezcla a la perfeccion. un deleite."
"LEGO® Batman™: El Legado del Caballero Oscuro","2215200","24 de mayo","Recomendado","https://www.instagram.com/p/DYuU3mTPBAU/","https://store.steampowered.com/app/2215200/","Legacy hace todo bien tanto, si sos fana o casi ni conoces la historia del hombre murcielago, referencias de todas las pelis, series y un gameplay bastante arkham con el humor de un juego de legos."
"Subnautica 2","1962700","16 de mayo","Recomendado","https://www.instagram.com/p/DYZ6R4CtFsl/","https://store.steampowered.com/app/1962700/","Mejorando en todo aspecto a su antecesor graficamente y adaptandose a tiempos de coop, logra cautivarnos tanto o mas a la vez que con amigos lo vuelven una experiencia tanto unica como rejugable."
"SoulQuest","2512450","2 de mayo","Recomendado","https://www.instagram.com/p/DX2JniFvc4E/","https://store.steampowered.com/app/2512450/","combina TODO BIEN: tremendo lore, combate completisimo, soulslike, metroidnavia y un gameplay que te da ganas de no soltar el joystick hasta maxear sacando cada habilidad. un orgullo Argentino"
"PRAGMATA","3357650","25 de abril","Recomendado","https://www.instagram.com/p/DXjtJV9Ddrh/","https://store.steampowered.com/app/3357650/","una setting que no es desconocida para amantes del sci-fi pero que dentro de los parametros de lo que es un acompañante ingame rompe el molde y esperemos sea la base de interacciones mas humanas."
"MOUSE: P.I. For Hire","2416450","18 de abril","Recomendado","https://www.instagram.com/p/DXRswYKDUWH/","https://store.steampowered.com/app/2416450/","una estetica mas que llamativa con graficos estilo noire film celuloide y una jugabilidad boomer shooter doom + bioshock, le dan a los amantes del genero un deleite tanto visual como en gameplay."
"Goblin Cleanup","2748340","12 de abril","Recomendado","https://www.instagram.com/reel/DW_i6BODXfw/","https://store.steampowered.com/app/2748340/","Que pasa luego de que el heroe pasa de nivel? literalmente limpiar el despelote, resetear trampas y juntar pedazos de enemigos. un coop bastante divertido para reirte/cagarte a puteadas con los panas"
"Super Meat Boy 3D","3288210","4 de abril","Recomendado","https://www.instagram.com/p/DWtl9WijVTQ/","https://store.steampowered.com/app/3288210/","El ALBONDIGAS volvio y en 3D. El pasar un juego (ya clasico) del 2d a tercera dimension no es tarea facil y team meat lo resolvio con el factor profundidad y un gameplay igual de desafiante. muy god."
"Blasphemous 2","2114740","28 de marzo","Recomendado","https://www.instagram.com/p/DWcEJqLj6yv/","https://store.steampowered.com/app/2114740/","El penitente volvio con un gameplay mejorado y multiplicado a 1000X, si te gusto la primera entrega no te podes perder esta continuacion"
"DEATH STRANDING 2: ON THE BEACH","3280350","21 de marzo","Recomendado","https://www.instagram.com/p/DWJrPH_De_Z/","https://store.steampowered.com/app/3280350/","Expande de manera increible tanto en actuaciones, localizaciones y gameplay la experiencia ya de por si inigualable de la primera entrega con muchisima mas emocion topeando actuaciones del cast."
"John Carpenter's Toxic Commando","2157830","14 de marzo","Recomendado","https://www.instagram.com/p/DV3cHEqDZJh/","https://store.steampowered.com/app/2157830/","De la mano del maestro del terror John Carpenter y de Saber Interactive Nos llega este juegazo accion terror cine b de los 80 cargado de misiones, sidequests y un mundo abierto dinamico tremendo."
"Resident Evil Requiem","3764200","7 de marzo","Recomendado","https://www.instagram.com/p/DVUEkOOCbdW/","https://store.steampowered.com/app/3764200/","Requiem mezcla lo mejor de los ""clasicos"" con puzzles copados, terror, survival con la acción que caracteriza la saga desde Resident Evil 4 de una forma ESPECTACULAR."
"Tom Clancy’s The Division® 2","2221490","7 de marzo","Recomendado","https://www.instagram.com/p/DVlf_0gjZPF/","https://store.steampowered.com/app/2221490/","un mundo abierto extenso, horas+horas de gameplay lleno de perks, upgrades e items con un sistema de combate visceral que te mete en plena lucha por recuperar el control de una capital devastada"
"No Man's Sky","275850","21 de febrero","Recomendado","https://www.instagram.com/p/DVBVqAuDTQo/","https://store.steampowered.com/app/275850/","No Man's Sky, el juego de exploracion espacial con survival y manejo de recursos tuvo en sus Desarrolladores un lineaje raro en la industria actual donde si prometes algo no paras hasta cumplir 🫡"
"Mewgenics","686060","14 de febrero","Recomendado","https://www.instagram.com/p/DUvyVMZDYlh/","https://store.steampowered.com/app/686060/","El nuevo juego del creador de binding of issac y super meat boy no solo atrapa por su gameplay, sino por su... nivel de falopa en cuanto a mutaciones, genetica y variaciones que le dan al gameplay."
"Squirrel with a Gun","2067050","7 de febrero","Recomendado","https://www.instagram.com/p/DUdOypaDWJB/","https://store.steampowered.com/app/2067050/","La ardilla con el chumbo es un fiel ejemplo de que siempre se puede innovar en un sandbox haciendo que la premisa principal siga siendo delirante, las fisicas e idea son geniales en practica"
"Blightstone","2832280","30 de enero","Informativo","https://www.instagram.com/p/DTx6-mTjXyD/","https://store.steampowered.com/app/2832280/","Darkest Dungeon + Baldurs Gate = BLIGHTSTONE un juego de acción por turnos muy hardcore que recuerda a los mencionados, si sos amante de esos generos te va a copar."
"ReStory: Chill Electronics Repairs","3812600","30 de enero","Recomendado","https://www.instagram.com/p/DbyFv38vIyK/","https://store.steampowered.com/app/3812600/","prometia y realmente cumplio en su producto final, es este el simulador de reparacion y chill definitivo? si, si es."
"Pixel Troopers","3808450","30 de enero","Informativo","","https://store.steampowered.com/app/3808450/","Pixel Troopers es uno de esos juegos divertidos y baratos que no puede faltar en tu biblioteca, simil a un battlefield pero que graficamente puede ser suave o romperte peor la pc con su pathtracing."
"Final Vendetta","1891090","17 de enero","Recomendado","https://www.instagram.com/p/DTnPxP3jXlK/","https://store.steampowered.com/app/1891090/","El Beat em Up mas dificil que jugamos a la fecha pero eso no te la baja para nada, terminas aprendiendo cada patron de ataque de enemigo cual soulslike, cada barra de vida y la vivis. muy hardcord god"
"Dead Island 2","934700","10 de enero","Recomendado","https://www.instagram.com/p/DTVQpubjXgY/","https://store.steampowered.com/app/934700/","Un mundo abierto vivo e interactivo, lleno de detalles, caos constante con un sistema de desmembramiento/gore que es una locura donde cada golpe se siente y se ve tremendo"
"Mother Russia Bleeds","361300","3 de enero","Recomendado","https://www.instagram.com/p/DTDO0q8DcJU/","https://store.steampowered.com/app/361300/","beat em up de esos bien gore, violentos y bastante falopero. literalmente le reventas la cabeza a trompadas, ♥♥♥♥♥ a tiros, apuñalas y obvio... todo en rusia, que esperabas? un must"
"Terminator 2D: NO FATE","1718460","27 de diciembre de 2025","Recomendado","https://www.instagram.com/p/DSxVH2TDYfs/","https://store.steampowered.com/app/1718460/","El juego definitivo de T2 que debio salir en los 90s. valio la espera? si maldita sea, cada año desde el 91, si sos fana de la saga, pelis de accion, juegos retro y side scrollers este chad es de oro."
"Terraria","105600","20 de diciembre de 2025","Recomendado","https://www.instagram.com/p/DSfLZV7DSAz/","https://store.steampowered.com/app/105600/","Muchos lo conocimos de chicos como el “Minecraft de Steam” pero con los años y más de 40 updates sacó chapa propia. Hoy por hoy en oferta esta REGALADO y es imposible no recomendarlo."
"Clair Obscur: Expedition 33","1903340","14 de diciembre de 2025","Recomendado","https://www.instagram.com/p/DSNbiX9jbpB/","https://store.steampowered.com/app/1903340/","Cada año, los que cumplen 33 pirulos desaparecen y una expedición sale a frenar ese ciclo con el tiempo en contra. Una premisa con gráficos increíbles, arte y música que te pegan desde el arranque."
"MARVEL Cosmic Invasion","2753970","6 de diciembre de 2025","Recomendado","https://www.instagram.com/p/DR7IwWPjSbj/","https://store.steampowered.com/app/2753970/","Con gráficos 16-bit, una banda de personajes, y una rejugabilidad amplia. Es rápido, divertido y lleno de guiños para viciar horas."
"Storyteller","1624540","29 de noviembre de 2025","Recomendado","https://www.instagram.com/p/DRpEzEPjahO/","https://store.steampowered.com/app/1624540/","Un juegazo argentino donde armás escenas como si fueran una obra de teatro, creando historias cada vez más delirantes 🤭"
"Warhammer: Vermintide 2","552500","22 de noviembre de 2025","Recomendado","https://www.instagram.com/p/DRXGIrkDfa8/","https://store.steampowered.com/app/552500/","Básicamente un L4D medieval, Ambientado en el mundo Warhammer con combates melee brutales, héroes con habilidades únicas y hordas que no te dejan respirar. Adrenalina pura."
"Assetto Corsa Competizione","805550","15 de noviembre de 2025","Recomendado","https://www.instagram.com/p/DRFGegSDfe4/","https://store.steampowered.com/app/805550/","La saga Assetto Corsa sigue destacando en su realismo, pero esta entrega oficial esta enfocada en GT World Challenge"
"Assetto Corsa","244210","15 de noviembre de 2025","Recomendado","https://www.instagram.com/p/DRFGegSDfe4/","https://store.steampowered.com/app/244210/","Un simulador super realista con tremendo soporte de mods, no es un need for speed es competicion y manejo posta."
"The Walking Dead: The Telltale Definitive Series","1449690","25 de octubre de 2025","Recomendado","https://www.instagram.com/p/DQPFmSSjUkQ/","https://store.steampowered.com/app/1449690/","La edición definitiva de este juegazo está regalada en steam y no podíamos dejar de recomendarselas. Con literal horas de gameplay, una historia que va escalando y es una montaña rusa de emociones 🥹"
"RV There Yet?","3949040","24 de octubre de 2025","Recomendado","https://www.instagram.com/p/DQM25BYicWS/","https://store.steampowered.com/app/3949040/","El famoso juego de viajando con amigos... pasan cosas graciosas. desde accidentes, intoxicaciones, ataques de osos, explosiones, deb e ser uno de los mejores coop para cagarte de risa con amigos."
"Absolum","1904480","22 de octubre de 2025","Recomendado","https://www.instagram.com/p/DP879KBDZfJ/","https://store.steampowered.com/app/1904480/","Absolum mezcla lo mejor del beat ‘em up, el roguelike y el rol, logrando una experiencia distinta en cada run 🎮 Cada partida cambia, con caminos alternativos y decisiones que te enganchan muchisimo."
"Battlefield™ 6","2807960","11 de octubre de 2025","Recomendado","https://www.instagram.com/p/DPq8EzbjUC_/","https://store.steampowered.com/app/2807960/","la vuelva a la gloria de una saga que tras un despiste regreso a la masividad que la caracterizaba. volve a cagarte a tiros, explotar, ir en avion, tanques (proximamente batallitas) de la mejor manera"
"Cheaters Cheetah","3438990","4 de octubre de 2025","Recomendado","https://www.instagram.com/p/DPY6UHhDezl/","https://store.steampowered.com/app/3438990/","El juego ideal para boludear con ese amigo q sospechas es chitero en el counter, ahora todos tenemos cheats asi que NADIE CHITEA!"
"Don't Starve","219740","22 de septiembre de 2025","Recomendado","https://www.instagram.com/p/DO035JeDUNK/","https://store.steampowered.com/app/219740/","Un survival increíble, con estilo único y un montón de expansiones (con coop) que lo hacen literal eterno de jugar."
"Dead Space","1693980","13 de septiembre de 2025","Recomendado","https://www.instagram.com/p/DOi0BiWjWpe/","https://store.steampowered.com/app/1693980/","un excelentisimo remake con graficos sublimes y una setting tremenda, muy recomendado para fanas del survival horror y juegos de accion."
"Hollow Knight: Silksong","1030300","6 de septiembre de 2025","Recomendado","https://www.instagram.com/p/DOQ_6xJDe5M/","https://store.steampowered.com/app/1030300/","con hornet te sentis una bailarina mortal haciendo arte en un lienzo mortifero, todo mientras avanzas en las distintas y variadas zonas del juego destruyendo a una variedad de enemigos inmensa"
"METAL GEAR SOLID Δ: SNAKE EATER","2417610","30 de agosto de 2025","Recomendado","https://www.instagram.com/reel/DN-yCD_DdxQ/","https://store.steampowered.com/app/2417610/","El remake del clásico que marcó una era. Pero ahora volvio con Unreal Engine 5, siendo 100% fiel al original La historia, el sigilo y la tensión siguen intactos… solo que más inmersivos que nunca."
"Mafia: El Viejo Continente","1941540","23 de agosto de 2025","Recomendado","https://www.instagram.com/p/DNsy1C9WhEK/","https://store.steampowered.com/app/1941540/","Un juego bien vieja escuela, atrapante y con una narrativa súper cinematográfica donde vas escalando posiciones en LA FAMILIA ✍️"
"Resident Evil 4","2050650","16 de agosto de 2025","Recomendado","https://www.instagram.com/p/DNawqiWtDmQ/","https://store.steampowered.com/app/2050650/","Superando en todo al ya Increible Original, este Remake es todo lo que se esperaba y mas."
"akabos","3294950","11 de agosto de 2025","Informativo","https://www.instagram.com/p/DNN2ENwNX0_/","https://store.steampowered.com/app/3294950/","un viaje de ida, que empieza raro y sigue... bastante mas raro, hasta el punto de que no logras entender como a alguien se le pudo ocurrir tal locura."
"Slay the Princess — The Pristine Cut","1989270","9 de agosto de 2025","Recomendado","https://www.instagram.com/p/DNIsyZ7tPic/","https://store.steampowered.com/app/1989270/","un juego narrativo de terror/suspenso donde tu misión es clara: matar a la princesa. pero más hablás con ella, más dudas tenes."
"PEAK","3527290","4 de agosto de 2025","Recomendado","https://www.instagram.com/p/DM7-NY7O8Jn/","https://store.steampowered.com/app/3527290/","Peak es el pinaculo del test de amistad, podes llegar a la cima con tus panas... o te los vas a comer en la subida?"
"Ready or Not","1144200","2 de agosto de 2025","Recomendado","https://www.instagram.com/reel/DM2sNbru3RQ/?igsh=M3N1cHhwdmptNXBq","https://store.steampowered.com/app/1144200/","La intensidad de Ready or Not te hace sentir parte de un escuadrón táctico real donde cada mala decision es pagada con plomo enemigo. no somos Rambo, aca hay que tactiquearla y pensar los momentos"
"Forgive Me Father 2","2272250","28 de julio de 2025","Recomendado","https://www.instagram.com/p/DMkrYWoO40V/","https://store.steampowered.com/app/2272250/","Un FPS Boomer Shooter totalmente frenético, con armas mutantes y enemigos sacados directo del horror lovecraftiano"
"Stray","1332010","20 de julio de 2025","Recomendado","https://www.instagram.com/p/DMSqrM1uBwe/","https://store.steampowered.com/app/1332010/","Un gato perdido en una ciudad de máquinas. Explora, resolve puzzles y volve a Casita Chatran 🐈"
"Len's Island","1335830","12 de julio de 2025","Recomendado","https://www.instagram.com/p/DMAmZinup-Z/","https://store.steampowered.com/app/1335830/","Este JUEGAZO es una obra de arte que tardó 8 años en ser gestarse, ¡con un nivel de detalle increíble! Construí, explorá y combatí en solitario o con hasta 8 amigos en el cooperativo online bien chill"
"Streets of Rage 4","985890","5 de julio de 2025","Recomendado","https://www.instagram.com/shuxteam/reel/DLumjG8OIVY/","https://store.steampowered.com/app/985890/","Consegui YA este JUEGAZO COOP en modo local o aprovecha la función ""Remote Play Together"" para jugar con tus panas a distancia. ¡RECOMENDADISIMO No te lo pierdas! 💥👊"
"Metro Exodus","412020","28 de junio de 2025","Recomendado","https://www.instagram.com/reel/DLckh4ju-67/","https://store.steampowered.com/app/412020/","HORROR, MISTERIO y SURVIVAL una SAGA que lo TIENE TODO 💕"
"Metro: Last Light Redux","287390","28 de junio de 2025","Recomendado","https://www.instagram.com/reel/DLckh4ju-67/","https://store.steampowered.com/app/287390/","HORROR, MISTERIO y SURVIVAL una SAGA que lo TIENE TODO 💕"
"Metro 2033 Redux","286690","28 de junio de 2025","Recomendado","https://www.instagram.com/reel/DLckh4ju-67/","https://store.steampowered.com/app/286690/","HORROR, MISTERIO y SURVIVAL una SAGA que lo TIENE TODO 💕"
"THE FINALS","2073850","26 de junio de 2025","Recomendado","https://www.instagram.com/p/C0rqDPPOlve/","https://store.steampowered.com/app/2073850/","Juegazo FPS FREE TO PLAY para jugar con los panas, su mayor caracteristica es el poder romper casi todo el escenario y lo frenetico que es"
"SpongeBob SquarePants: Battle for Bikini Bottom - Rehydrated","969990","26 de junio de 2025","Recomendado","https://www.instagram.com/p/Czg52puO67c/","https://store.steampowered.com/app/969990/","El famoso Bob Esponja con su REMAKE 😎 del clásico de PS2 en PS4 Es nuestro 👉 Juego del Finde 👈 Un plataformero con todas las letras 💕 A un precio increíble que no podes dejar pasar 🔥"
"DEATH STRANDING DIRECTOR'S CUT","1850570","22 de junio de 2025","Recomendado","https://www.instagram.com/p/DLKkaXuu7MQ/","https://store.steampowered.com/app/1850570/","ES MAS QUE UN JUEGO, ES UNA EXPERIENCIA 🫶🏻 Un Gameplay UNICO y una EXPERIENCIA donde el mensaje PRINCIPAL ES AYUDAR Y SER MEJOR 💕"
"Stellar Blade™","3489700","14 de junio de 2025","Recomendado","https://www.instagram.com/p/DK4gOUwOjGO/","https://store.steampowered.com/app/3489700/","Hack N' Slash, Plataformas, Puzzles y mucha CULTURA le dan a Stellar Blade esa personalidad y jugabilidad única 💕"
"Guilty as Sock!","3400930","7 de junio de 2025","Recomendado","https://www.instagram.com/p/DKmejJOuMxL/","https://store.steampowered.com/app/3400930/","En Guilty as Sock inventa evidencia falopa, acusa y mete bardo en la corte para llevar a tus amigos atrás de las rejas"
"Portal with RTX","2012840","31 de mayo de 2025","Recomendado","https://www.instagram.com/p/DKUc-aLtAru/","https://store.steampowered.com/app/2012840/","Este Update Gratis para los Poseedores de Portal 1 y una gpu Nvidia RTX te van a hacer revivir el CLASICO DE VALVE de una manera UNiCA. PERO OJO, que es PESADITO GRAFICAMENTE."
"Portal 2","620","31 de mayo de 2025","Recomendado","https://www.instagram.com/p/DKUc-aLtAru/","https://store.steampowered.com/app/620/","La SAGA PORTAL ESTA MENOS DE 2 DOLARES y aparte tenemos el update RTX gratis, SI NUNCA LA JUGASTE ES EL MOMENTO 🫡"
"Portal","400","31 de mayo de 2025","Recomendado","https://www.instagram.com/p/DKUc-aLtAru/","https://store.steampowered.com/app/400/","La SAGA PORTAL ESTA MENOS DE 2 DOLARES y aparte tenemos el update RTX gratis, SI NUNCA LA JUGASTE ES EL MOMENTO 🫡"
"The Witcher 3: Wild Hunt — Remastered","292030","24 de mayo de 2025","Recomendado","https://www.instagram.com/reel/DKCbqpINggw/","https://store.steampowered.com/app/292030/","The Witcher 3, esta solamente 3 dolares por su 10 aniversario y es el momento de que si no lo jugaste... te hagas ese favor"
"DOOM: The Dark Ages","3017860","17 de mayo de 2025","Recomendado","https://www.instagram.com/p/DJwaH9Mtc46/","https://store.steampowered.com/app/3017860/","Ya no corremos, saltamos o cambiamos de arma, ahora te plantas a todo lo que venga. Las nuevas mecanicas con el escudo y su parry se vuelven naturales a los 10 minutos y son muy satisfactorias."
"A Way Out","1222700","10 de mayo de 2025","Recomendado","https://www.instagram.com/reel/DJeYvAwtgh5/","https://store.steampowered.com/app/1222700/","Vos y tu pana en plena fuga carcelaria en un coop lleno de accion, risas y excelentes gráficos."
"despelote","2367820","4 de mayo de 2025","Recomendado","https://www.instagram.com/p/DJMWh0JNi0w/","https://store.steampowered.com/app/2367820/","una experiencia que nos transporta a Quito 2021 bajo la mirada de un niño, unas eliminatorias ya históricas para Ecuador y el deporte que tanto amamos sin importar nacionalidad 😍"
"The Elder Scrolls IV: Oblivion Remastered","2623190","26 de abril de 2025","Recomendado","https://www.instagram.com/p/DI6XM5ftTaJ/","https://store.steampowered.com/app/2623190/","un remaster medio chapa de pintura arriba pero que resulto bastante bien, realmente salio sin promocion alguna y tuvo picos de 190k la primera semana, encima tiene precio regional de 35 usd, vs 50."
"FlatOut 4: Total Insanity","402130","19 de abril de 2025","Informativo","","https://store.steampowered.com/app/402130/","Y aca terminaron de sepultarla... si queres la experiencia Flatout, el 1, 2 y ultimate son la posta."
"FlatOut 3: Chaos & Destruction","201510","19 de abril de 2025","Informativo","","https://store.steampowered.com/app/201510/","Aca empezo el debacle de la franquicia"
"FlatOut 2","2990","19 de abril de 2025","Recomendado","https://www.instagram.com/p/DIoU-tSunmT/","https://store.steampowered.com/app/2990/","Carreras con choques, explosiones y mucha acción con una banda sonora ya legendaria"
"FlatOut","6220","19 de abril de 2025","Recomendado","https://www.instagram.com/p/DIoU-tSunmT/","https://store.steampowered.com/app/6220/","Carreras con choques, explosiones y mucha acción con una banda sonora ya legendaria."
"FlatOut: Ultimate Carnage Collector's Edition","12360","19 de abril de 2025","Recomendado","https://www.instagram.com/p/DIoU-tSunmT/","https://store.steampowered.com/app/12360/","Carreras con choques, explosiones y mucha acción con una banda sonora ya legendaria."
"Warhammer 40,000: Boltgun","2005010","12 de abril de 2025","Recomendado","https://youtube.com/shorts/Gt5zImj5E6s?si=6TaqQtjPDb98Ngso","https://store.steampowered.com/app/2005010/","Boltgun nos trae un FPS LLENO DE GORE, FRENETICO con un Pixel Art 2D y entornos 3D SUBLIMES 💕 si sos fanatico de los BOOMER SHOOTER como Doom y disfrutas el revival de este genero, es un must."
"Devil May Cry 5","601150","5 de abril de 2025","Recomendado","https://www.instagram.com/p/DIESrjBuS4z/","https://store.steampowered.com/app/601150/","reviviendo la saga y salido hace no tanto V (o 5) empezo la senda de buen tipo de capcom que sigue actualmente sacandole brillo a sagas algo olvidadadas. una ip que volvio con todo."
"DmC: Devil May Cry","220440","5 de abril de 2025","Recomendado","","https://store.steampowered.com/app/220440/","el tal vez olvidado de la saga DmC y visto como spin off por q mucho no despego, pero ninja theory se saco de la galera una de las mejores entregas en cuanto novedad, gameplay y accion."
"Devil May Cry 4 Special Edition","329050","5 de abril de 2025","Recomendado","https://www.instagram.com/p/DIESrjBuS4z/","https://store.steampowered.com/app/329050/","special edition agrega personajes jugables y pule algo el ya increible gameplay de la 4ta entrega, por los agregados y precio en descuentos es un must para amantes de la saga y los hack n slash"
"Devil May Cry HD Collection","631510","5 de abril de 2025","Recomendado","https://www.instagram.com/p/DIESrjBuS4z/","https://store.steampowered.com/app/631510/","la coleccion remaster de los primeros titulos de playstation 2 es un must para amantes del hack n slash y la mejor manera de sacarnos el trago amargo de la version de pc del 3 que andaba para atras..."
"Lossless Scaling","993090","30 de marzo de 2025","Recomendado","https://youtu.be/B0b70Pd-6WY?si=55id7zRJYePmMmGs","https://store.steampowered.com/app/993090/","el programa del pato es increible reviviendo gpus q no tienen soporte copado de reescalados y agregando opciones de frame generation incluso. al precio que esta en latam, es un software imperdible."
"Schedule I","3164500","29 de marzo de 2025","Recomendado","https://www.instagram.com/p/DHyhZlyuhLJ/","https://store.steampowered.com/app/3164500/","El simulador de vendedor de experiencias o por que no... de BREAKING BAD cuenta con requisitos bastante accesibles, coop y un precio de regalo que lo hacen imperdible y muy recomendable."
"Dying Light 2 Stay Human: Reloaded Edition","534380","22 de marzo de 2025","Recomendado","https://www.instagram.com/p/DHgN1T5OGVt/","https://store.steampowered.com/app/534380/","Mejorando en casi todo a su primera parte es un must si te copo el gameplay parkour zombie matanza del primero"
"HOT WHEELS UNLEASHED™ 2 - Turbocharged","2051120","15 de marzo de 2025","Recomendado","https://www.instagram.com/p/DHOKdC_O5g3/","https://store.steampowered.com/app/2051120/","Los autitos de tu infancia volvieron en formato poligonal con un juegaso de carreritas frenetico con un monton de challenges, boss fights y variedad de entornos de carreras. imperdible."
"Grand Theft Auto V Enhanced","3240220","8 de marzo de 2025","Recomendado","https://www.instagram.com/p/DG8KYCfuUxk/","https://store.steampowered.com/app/3240220/","Siendo gratis para los poseedores de la version original ahora llamada legacy trae mejoras graficas y los reescalados populares del momento, si nunca jugaste GTA V ahora es el mejor momento."
"Ashen","649950","1 de marzo de 2025","Recomendado","https://www.instagram.com/p/DGqJ4jnOeCx/","https://store.steampowered.com/app/649950/","Una experiencia Soulslike Imperdible con su llamado Coop Pasivo, donde en cualquier momento de tu aventura el npc puede ser controlado por otro jugador haciendo de la situacion algo irreplicable"
"Pixel Cup Soccer - Ultimate Edition","1620540","22 de febrero de 2025","Recomendado","https://www.instagram.com/reels/DGYGfs2uot5/","https://store.steampowered.com/app/1620540/","tal vez de los jueguitos pixel art de futbol mas entretenidos de la plataforma, con infinidad de contenido tanto original como de workshop y rejugabilidad con remote play together."
"Mortal Kombat 11","976310","15 de febrero de 2025","Recomendado","https://www.instagram.com/p/DGGFl1Pubv7/","https://store.steampowered.com/app/976310/","El ultimo buen Mk se regala en ofertas a 3,50 con alta cantidad de contenido y por solamente 9 usd, lo tenemos entero con todos los kombat packs de pjs y su modo aftermath de historia."
"Battlefield™ 1","1238840","8 de febrero de 2025","Recomendado","https://www.instagram.com/p/DF0Cw3uu3Us/","https://store.steampowered.com/app/1238840/","BF1 en salida revitalizo la saga de una manera tremenda volviendo un poco a sus raices de las primeras guerras, en ofertas esta regalado y no se puede dejar pasar"
"Marvel's Spider-Man 2","2651280","1 de febrero de 2025","Recomendado","https://www.instagram.com/reel/DFiBhc5u_Yw/","https://store.steampowered.com/app/2651280/","Spider-Man 2 al fin salio en PC y si bien la espera fue corta esta vez para los fanaticos reales se hizo algo eterno. Esta Secuela Mejora 100% al anterior y aparte esta Venom asi que es un 11/10."
"DOOM Eternal","782330","25 de enero de 2025","Recomendado","https://www.instagram.com/p/DFP_hTypE-k/","https://store.steampowered.com/app/782330/","Con muchas mecanicas que aportan al gameplay, sentis q estas haciendo un baile del demonio para destrozar todo entre enemigos, golpes powa y la mecanica de variacion de armas segun enemigos suma mucho"
"DOOM","379720","25 de enero de 2025","Recomendado","https://www.instagram.com/p/DFP_hTypE-k/","https://store.steampowered.com/app/379720/","Doom 2016 le dio esa vuelta magica a la saga donde en cada nivel, los demonios deben temerte a ti y no tu a ellos, a reventar todo con una sonrisa."
"Gunfire Reborn","1217060","18 de enero de 2025","Recomendado","https://www.instagram.com/reel/DE-AewhuM5D/?igsh=MTVyeWd2OHBjNDk3aA==","https://store.steampowered.com/app/1217060/","Estas buscando un coop con rejugabilidad, building de habilidades, dungeon crawler roguelike y final bosses masivos? Gunfire Reborn es tu juego 🥰"
"Green Hell","815370","11 de enero de 2025","Recomendado","https://www.instagram.com/p/DEr9kLSOo78/","https://store.steampowered.com/app/815370/","El Amazonas nunca estuvo tan picante, lucha contra los elementos, flora y fauna y vos mismo (por que te podes volver un poco loco) sin dudas una experiencia coop desafiante 🫡"
"BRAZILIAN DRUG DEALER 3: I OPENED A PORTAL TO HELL IN THE FAVELA TRYING TO REVIVE MIT AIA I NEED TO CLOSE IT","3191050","4 de enero de 2025","Recomendado","https://www.instagram.com/reel/DEZ-jtsJnSF/","https://store.steampowered.com/app/3191050/","Uno de los mejores FPS jamas creados con el engine del Quake, amantes del genero y lo bizarro no pueden dejar pasar esta joya."
"Assassin's Creed® Odyssey","812140","28 de diciembre de 2024","Recomendado","https://www.instagram.com/p/DEICpq9pfXh/","https://store.steampowered.com/app/812140/","Odyssey es nuestro favorito de la nueva camada de AC, tanto por su setting, combate y detalles. En ofertas por la cantidad de horas de contenido q ofrece esta regalado."
"It Takes Two","1426210","21 de diciembre de 2024","Recomendado","https://www.instagram.com/p/DD2AQedJ1w4/","https://store.steampowered.com/app/1426210/","Un excelentisimo juego coop pantalla dividida tercera persona lleno de puzzles y mucha personalidad, aca o cooperas o te ♥♥♥♥♥ a piñas pero las jajas estan mas que aseguradas."
"Mighty Morphin Power Rangers: Rita's Rewind","2816870","14 de diciembre de 2024","Recomendado","https://www.instagram.com/p/DDj1tc7pzqN/","https://store.steampowered.com/app/2816870/","Con la onda mas tirando a los Streets of Rage clasicos que al Ninja Turtles Shredder's Revenge, este juego brilla por sus guiños y retro artstile"
"Content Warning","2881650","7 de diciembre de 2024","Recomendado","https://www.instagram.com/p/DDSLrPapBPX/","https://store.steampowered.com/app/2881650/","¿QUERES SER YOUTUBER?... pero DE TERROR 😱 Por un precio re bajo En Content Warning y su divertidisimo (pero también terrorifico) gameplay podes! Equipate, graba y subi ESE video STONKS!"
"5D Chess With Multiverse Time Travel","1349230","7 de diciembre de 2024","Informativo","https://www.instagram.com/p/DDMvM-JpURq/","https://store.steampowered.com/app/1349230/","El ajedrez 2 esta con nosotros, con lineas temporales y mucho para pensar."
"MONSTER HUNTER RISE","1446780","30 de noviembre de 2024","Recomendado","https://www.instagram.com/p/DC_4Velphqh/","https://store.steampowered.com/app/1446780/","La cantidad de horas en coop con su increible gameplay y su atractivo precio en sales lo convierten en un must have para jugar con los panas."
"S.T.A.L.K.E.R. 2: Heart of Chornobyl","1643320","27 de noviembre de 2024","Informativo","https://www.instagram.com/p/DC4ICtqp_V_/","https://store.steampowered.com/app/1643320/","Al fin lanzado este juego es una historia de querer es poder donde a pesar de estar 14 años en el tintero los desarrolladores con bardos internos, guerras de por medio sacaron esta esperada secuela"
"Haven","983970","23 de noviembre de 2024","Recomendado","https://www.instagram.com/reel/DCt3l2epFAw/?igsh=dm5jeXYxZHptMjl4","https://store.steampowered.com/app/983970/","Nos da una experiencia coop local hermosa sin ser demasiado desafiante, ideal para jugar con con tu pareja o un panita."
"DREDGE","1562430","16 de noviembre de 2024","Recomendado","https://www.instagram.com/p/DCbu4NuJpZV/","https://store.steampowered.com/app/1562430/","Dredge nos da una experiencia única en un universo lleno de intriga, coleccionismo, upgrades y un lore lleno de mística."
"Red Dead Redemption","2668510","2 de noviembre de 2024","Recomendado","https://www.instagram.com/p/DB3v-YsJhaE/","https://store.steampowered.com/app/2668510/","Esperamos mucho pero aca esta, el precio definitivamente no acompaña y empaña bastante lo que deberia ser una fiesta, pero sin embargo al aventura de John Marston es digna de tu tiempo al fin."
"Killing Time: Resurrected","1733170","31 de octubre de 2024","Informativo","","https://store.steampowered.com/app/1733170/","Otro excelentisimo Port Remaster de Nightdive rescatando joyas del pasado, con un mix de versiones de 3DO original y la version de PC. Mucha exploracion e Historia, por que no todo es tiritos locos."
"Pumpkin Jack","1186640","19 de octubre de 2024","Recomendado","https://www.instagram.com/p/DBU5ZvitGQq/","https://store.steampowered.com/app/1186640/","Un plataformero escuela medievil con las ultimas tecnologias de nvidia, en ofertas suele estar regalado (1,79 usd o 3k) a esos precios es imperdible por lo divertido que es."
"DRAGON BALL: Sparking! ZERO","1790600","12 de octubre de 2024","Recomendado","https://www.instagram.com/reel/DBCMVqwSQIF/","https://store.steampowered.com/app/1790600/","La espera de 17 años termino y valio la pena. De la manera que sea, experimenta Sparking Zero!"
"Immortals Fenyx Rising","2221920","6 de octubre de 2024","Recomendado","https://www.instagram.com/p/DAygxNSR-Dp/","https://store.steampowered.com/app/2221920/","Mitologia, Puzzles copados y una onda Breath of the Wild con AC. Recomendable por donde se lo mire."
"Shadows of Doubt","986130","29 de septiembre de 2024","Recomendado","https://www.instagram.com/p/DAhIBUgyI0B/","https://store.steampowered.com/app/986130/","Una aventura detestivesca distopica generada aleatoriamente con mil detalles, cualquiera puede ser un asesino y el nivel de inmersion es tremendo. muy recomendable."
"The Crew™ 2","646910","21 de septiembre de 2024","Recomendado","https://www.instagram.com/p/DAL17qduFg4/","https://store.steampowered.com/app/646910/","A solo 1 dolar en la oferta actual, y la promesa de un modo offline si cierran los servidores realmente se regalo y es imposible dejarlo pasar si te gusta el genero."
"Warhammer 40,000: Space Marine 2","2183900","14 de septiembre de 2024","Recomendado","https://www.instagram.com/p/C_6HVO5ygXp/","https://store.steampowered.com/app/2183900/","Testosterona pura anti woke con un lore genial donde el honor, el deber, el fracaso no es opcion. Como space marine reventamos y partimos todo en dos. En coop es una experiencia hermosa con los panas."
"Embr","1062830","7 de septiembre de 2024","Recomendado","https://www.instagram.com/p/C_ncqDZuKG1/","https://store.steampowered.com/app/1062830/","Con un coop bastante rejugable de a 4 y precios accesibles en oferta asi mismo aca o en la ms store, embr nos pone en la piel de unos bomberos muy locos, con graficos atractivos y mucha rejugabilidad"
"Sonic Generations Collection","71340","22 de agosto de 2024","Informativo","https://www.instagram.com/p/C--UYY7OtLp/","https://store.steampowered.com/app/71340/","Generations sera delistado de steam el 9 de Septiembre 2024, a favor de su remaster X Shadows para luego ser vendido en un bundle con otros juegos clasicos a 60 USD. De querer el original, corran ya!"
"ABZU","384190","17 de agosto de 2024","Recomendado","https://www.instagram.com/p/C-xeCl4u5O7/","https://store.steampowered.com/app/384190/","Arte puro en forma de juego de exploracion submarina con una increible banda sonora"
"DOOM + DOOM II","2280","13 de agosto de 2024","Informativo","https://www.instagram.com/p/C_D-IJbPRVl/","https://store.steampowered.com/app/2280/","Desde su update gratiuito de QuakeCon 2024 para todos los que tenian los juegos base, DOOM + DOOM 2 son la manera definitiva de jugar estos clasicos en pcs actuales sumandoles extras y achievements"
"Darksiders III","606280","10 de agosto de 2024","Recomendado","https://www.instagram.com/p/C-ft7hHucN1/","https://store.steampowered.com/app/606280/","En la ultima parte de la trilogia, somos Fury y tenemos q recapturar a los 7 pecados capitales."
"Darksiders II Deathinitive Edition","388410","10 de agosto de 2024","Recomendado","https://www.instagram.com/p/C-ft7hHucN1/","https://store.steampowered.com/app/388410/","En paralelo a la primera parte Death tiene que encontrar las pistas necesarias para limpiar el nombre de su BRO, con habilidades diferentes a su hermano War es una experiencia renovada y fresca"
"Darksiders Warmastered Edition","462780","10 de agosto de 2024","Recomendado","https://www.instagram.com/p/C-ft7hHucN1/","https://store.steampowered.com/app/462780/","Empezando la saga War tiene que limpiar su nombre, despues de que te hacen una cama en el comienzo del apocalipsis, en un hack n slash a pleno."
"Chained Together","2567870","3 de agosto de 2024","Recomendado","https://www.instagram.com/p/C-NX7x0OLn8/","https://store.steampowered.com/app/2567870/","una experiencia bastante fresca de hasta 4 jugadores donde cada error se paga con el piso y volver a empezar de cero. donde no faltaran las risas... y puteadas entre panas."
"Cuphead","268910","27 de julio de 2024","Recomendado","https://www.instagram.com/p/C97g5EjuHey/","https://store.steampowered.com/app/268910/","Este genial sidescroller es una obra de arte digna de tener en tu biblioteca con un arte tan genial como si gameplay coop"
"Enlisted","2051620","20 de julio de 2024","Recomendado","https://www.instagram.com/p/C9phwF7OziA/","https://store.steampowered.com/app/2051620/","Enlisted tuvo un primer lanzamiento raro en steam al salir dinero (cosa rara por que era F2P) fue delistado y ahora VOLVIO con todo (y F2P) Asi que, AHORA SI el momento de viciar este tremendo fps"
"Pomberito","2761100","13 de julio de 2024","Recomendado","https://www.instagram.com/p/C9XW0HXOxQX/","https://store.steampowered.com/app/2761100/","Con un boca a boca extraordinario pre-lanzamiento este hypeado juego argentino lleno de folklore sobre esta criatura mitologica es tanto entretenido como tenebroso"
"Age of Empires: Definitive Edition","1017900","6 de julio de 2024","Recomendado","https://www.instagram.com/p/C9FYzZQuzYh/","https://store.steampowered.com/app/1017900/","La coleccion de los Age en la MS Store suele estar publicada a menos de 2k + impuestos y por 4 juegos + casi todos los dlc, es un golazo."
"F.E.A.R.","21090","29 de junio de 2024","Recomendado","https://www.instagram.com/reel/C80A_Fov-lg/","https://store.steampowered.com/app/21090/","En sale a 2,70, la coleccion de todos los F.E.A.R. es un regalo para todos los fans de fps y terror."
"Back 4 Blood","924970","21 de junio de 2024","Recomendado","https://www.instagram.com/p/C8fmzhrP8Yz/","https://store.steampowered.com/app/924970/","A su salida estaba carisimo y si... no supo estar a altura 💀 pero por su precio en oferta (3 USD) tenemos un coop con mucha rejugabilidad y graficos increibles 🫡"
"The Surge 2","644830","12 de junio de 2024","Recomendado","https://www.instagram.com/p/C8F6d5IvdwE/","https://store.steampowered.com/app/644830/","Una historia llena de bardos futuristas con corporaciones, cambio climatico y la obsolencia del humano vs maquinas. en un 3ra persona soulslike visceral y crudisimo."
"HYPERCHARGE: Unboxed","523660","8 de junio de 2024","Recomendado","https://www.instagram.com/p/C79fpbXO4xJ/","https://store.steampowered.com/app/523660/","Si sos de la vieja escuela te va a traer recuerdos de de_rats (cs 1.6) o no vas a sentir que da nada nuevo, pero el que sea fps+ tower defense y puedas cambiar de 1era a 3ra persona te vuela la cabeza"
"The Forest","242760","31 de mayo de 2024","Recomendado","https://www.instagram.com/reel/C7o2n4kMkQC/?igsh=bjZkNXJ0ejRkamI1","https://store.steampowered.com/app/242760/","Intriga, crafteo, exploración y un coop increíble. un favorito nuestro desde su salida tiene todo esto y suele estar de oferta a solo 3 usd. imperdible."
"Teenage Mutant Ninja Turtles: Shredder's Revenge","1361510","24 de mayo de 2024","Recomendado","https://www.instagram.com/reel/C7XTi9jP3Xv/?igsh=NW01bG9mOGU5c2w4","https://store.steampowered.com/app/1361510/","Nos entrega gráficos hermosos pixel art y un beat em up de hasta 6 personas tanto localmente como en online, no existe excusa para reventar joysticks con unos panas un divertido finde."
"A Hat in Time","253230","18 de mayo de 2024","Recomendado","https://www.instagram.com/p/C7HMemWOW8W/","https://store.steampowered.com/app/253230/","Con el mismo adn que Mario 64, tenemos un excelentísimo gameplay, upgrades y una parte metroidnavia donde vamos desbloqueando más niveles con habilidades nuevas mientras más vayamos metiéndole horas"
"MULLET MADJACK","2111190","17 de mayo de 2024","Recomendado","https://www.instagram.com/reel/C7Eiqq9uSiJ/?igsh=cWFxOHJlOGlsOXpv","https://store.steampowered.com/app/2111190/","80s, anime de esa epoca onda akira y gameplay frenetico fps es: pero al 1000% compactado en una latita monster o speed. Recomendado para los fanaticos de todo lo mencionado <3"
"Hades II","1145350","11 de mayo de 2024","Recomendado","https://www.instagram.com/reel/C61JxPaOhtR/?igsh=dm5vZ2lsMDF4MHMz","https://store.steampowered.com/app/1145350/","Con un precio regional bastante copado, Hades vuelve en esta segunda entrega dandonos el mismo gameplay exquisito, soundtrack y apartado artistico que nos dejaron con la boca abierta años atras."
"NieR:Automata™","524220","27 de abril de 2024","Recomendado","https://www.instagram.com/p/C6RU7oUrdyB/","https://store.steampowered.com/app/524220/","NieR: Automata es uno de esos juegos que pasandolo varias veces recien vas a entender la intrincada y genial historia, es un goce que su gameplay no se haga pesado mientras lo hacemos."
"Wolfenstein: Youngblood","1056960","22 de abril de 2024","Recomendado","https://www.instagram.com/reel/C6ACcUOrtXQ/?igsh=dHFxZHVsZjhieWI1","https://store.steampowered.com/app/1056960/","Youngblood nos da una experienia coop muy satisfactoria con un buddy pass donde pueden jugar 2 amigos solamente pagando una copia. en oferta esta regaladisimo, para nosotros es recomendable x2."
"Fallout 76","1151340","12 de abril de 2024","Recomendado","https://www.instagram.com/stories/shuxteam/3344886009739216946/","https://store.steampowered.com/app/1151340/","Años luego de su lanzamiento podemos decir que ahora es una experiencia mas disfrutable, con muchisimo contenido nuevo y mas por venir."
"Thief","239160","6 de abril de 2024","Recomendado","https://www.instagram.com/p/C5a_vs7uf6i/","https://store.steampowered.com/app/239160/","Tenemos q hacer lo obvio, afanar. En el obviamente Juego de sigilo, ambientado en una especie de ciudad bastante parecida a una inglaterra en su epoca industrial con toques goticos."
"The Outer Worlds: Spacer's Choice Edition","1920490","6 de abril de 2024","Recomendado","https://www.instagram.com/p/C5a_vs7uf6i/","https://store.steampowered.com/app/1920490/","Desarrollado por la misma gente de Fallout New Vegas, no escapa tanto de ese gameplay pero si de las maneras en q desarrollaremos la historia, variando bastante segun las decisiones que tomemos"
"Dead Cells","588650","30 de marzo de 2024","Recomendado","https://www.instagram.com/reel/C5JX0WTrQW2/?igsh=Yjh4ZmpibG40MGp0","https://store.steampowered.com/app/588650/","Un excelente especimen del genero roguelike/soulskike con un gameplay frenetico y apartado visual pixel art mas que destacable."
"Horizon Forbidden West™ Complete Edition","2420110","23 de marzo de 2024","Recomendado","https://www.instagram.com/p/C44CmjGrJ13/","https://store.steampowered.com/app/2420110/","Siendo una mejora tanto en su gameplay como graficamente Forbidden West nos trae una experiencia disfrutable en un port para pc de parte del developer nixxes mas que excelente"
"Sifu","2138710","16 de marzo de 2024","Recomendado","https://www.instagram.com/p/C4k9MBWOxI_/","https://store.steampowered.com/app/2138710/","Un soulslike como ningún otro en el cual con cada muerte vas envejeciendo pero volviendote mas letal y experto. Con piñas, patadas y una historia de venganza. imperdible!"
"Sunset Overdrive","847370","10 de marzo de 2024","Recomendado","https://www.instagram.com/p/C4TC4DLupOL/","https://store.steampowered.com/app/847370/","Hecho por Insomniac SUNSET OVERDRIVE es uno de esos cult classics que se aprecian con el tiempo y no podes seguir sin jugarlo. Un tercera persona frenetico 100% recomendado."
"Batman™: Arkham Knight","208650","2 de marzo de 2024","Recomendado","https://www.instagram.com/reel/C4A8hxqL-hh/","https://store.steampowered.com/app/208650/","La saga de Arkham sigue hasta la fecha, siendo considerada como el pináculo de juegos de superheroe. Con acción, investigación detectivesca y tramas increíbles de la mano de Rockstrady."
"STAR WARS™: Dark Forces Remaster","2292260","29 de febrero de 2024","Informativo","","https://store.steampowered.com/app/2292260/","Otro excelentisimo remaster de los chicos de Nightdive a un precio acorde para nuestra region."
"Tomb Raider I-III Remastered Starring Lara Croft","2478970","24 de febrero de 2024","Recomendado","https://www.instagram.com/reel/C3vK0RRLDT7/?igsh=ZDR6NDNmbGZ4bm45","https://store.steampowered.com/app/2478970/","Unos remasters muy bien cuidados y hechos con amor nos dan la mejor manera de jugar a la primer trilogia de esta saga."
"HELLDIVERS™ 2","553850","17 de febrero de 2024","Recomendado","https://www.instagram.com/p/C3dJRTRu7dr/","https://store.steampowered.com/app/553850/","Con un cambio de vista isometrico a tercera persona, Helldivers II le inyecta ese subidon necesario de adrenalina para revitalizar una saga que si bien no estaba muerta, ahora esta mas viva q nunca."
"Atomic Heart","668580","10 de febrero de 2024","Recomendado","https://www.instagram.com/p/C3K6CUjuQ3p/","https://store.steampowered.com/app/668580/","A un año de su lanzamiento Atomic Heart sigue siendo actualizado con DLC muy falopa que dan ganas de volver a meterte en esa rusia llena de robots asesinos para destrozarlos a puro melee."
"Hades","1145360","3 de febrero de 2024","Recomendado","https://www.instagram.com/reel/C25Zqc0OQ56","https://store.steampowered.com/app/1145360/","Hades con el tiempo se fue convirtiendo en una joyita, si te gustan los hack n slash y la mitologia griega, no lo podes dejar pasar."
"Shadow Warrior 2","324800","27 de enero de 2024","Recomendado","https://www.instagram.com/p/C2nVeo5ODMO/","https://store.steampowered.com/app/324800/","La secuela de Shadow Warrior sigue la linea de su antecedor pero dandonos la posibilidad de un cooperativo bastante entretenido."
"Shadow Warrior","233130","27 de enero de 2024","Recomendado","https://www.instagram.com/p/C2nVeo5ODMO/","https://store.steampowered.com/app/233130/","El remake de Shadow Warrior no da un gameplay frenético lleno de katanas, explosiones y mucho plomo para los enemigos que tengan la mala suerte de cruzarnos."
"BOKURA","1801110","23 de enero de 2024","Recomendado","https://www.instagram.com/p/C2UuZMFOBNd/","https://store.steampowered.com/app/1801110/","Bokura es un coop de puzzles pixel art, donde cada pj ve el mundo de manera diferente. tanto así como sus interacciones en el."
"Firewatch","383870","13 de enero de 2024","Recomendado","https://www.instagram.com/p/C2Cms8yu5vs/","https://store.steampowered.com/app/383870/","con aires de walking sim y genero detectivesco, Firewatch nos pone en una setting peculiar para este 2do genero pero con un ambiente hermoso y lleno de intriga."
"Marvel's Guardians of the Galaxy","1088850","4 de enero de 2024","Recomendado","https://www.instagram.com/p/C1ryjyiuWnl/?hl=es","https://store.steampowered.com/app/1088850/","Uno de los mejores juegos de Marvel actualmente, muy fiel al humor e historias q nos tienen acostumbrados los guardianes contando cada uno con habilidades definidas y un gameplay frenetico."
"Battlefield™ V","1238810","30 de diciembre de 2023","Recomendado","https://www.instagram.com/p/C1fEAilLOsv/","https://store.steampowered.com/app/1238810/","Sacando pecho a pesar de los años (2018) tanto en su apartado grafico Como en su MP sigue a Diciembre 2023 más vivo que nunca"
"SONIC SUPERSTARS","2022670","23 de diciembre de 2023","Recomendado","https://www.instagram.com/reel/C1N0qczsptA/?igsh=MWU3bGZrdDIyZGF6eA==","https://store.steampowered.com/app/2022670/","Cuando su mayor punto negativo es su precio Esta Steam Sale y el 40% off actual Nos hacen revalorizar esta entrega que sepulta al Sonic 4 Ep 1 & 2, y lo deja como el verdadero sucesor de la trilogia"
"Turok 3: Shadow of Oblivion Remastered","1996770","14 de diciembre de 2023","Informativo","","https://store.steampowered.com/app/1996770/","Marcando un precedente Nightdive cambio el precio al recomendado de Valve, 15 vs 30 usd luego de varios reclamos. algo muy destacable, dada la situacion actual del pais."
"POSTAL: Brain Damaged","1359980","2 de diciembre de 2023","Recomendado","https://www.instagram.com/reel/C0XeNmTuEjC/?igshid=MzRlODBiNWFlZA==","https://store.steampowered.com/app/1359980/","Con el tono y humor caracteristicos de esta IP, este Spin-Off FPS Boomer Shooter es de lo mejorcito de la saga, luego del aclamado Postal 2."
"Bayonetta","460790","25 de noviembre de 2023","Recomendado","https://www.instagram.com/p/C0FYZ_Wv-Xo/","https://store.steampowered.com/app/460790/","Un Hack n Slash divertido, con toques de humor y sensualidad indiscutibles. Un clasico ya en el genero y una Ip que deseariamos tenga mas releases en PC."
"Half-Life","70","18 de noviembre de 2023","Recomendado","https://www.instagram.com/reel/Czy7vH3ug7e/?igshid=MTc4MmM1YmI2Ng==","https://store.steampowered.com/app/70/","Un clasico que sentó las Bases de los FPS desde su lanzamiento, tanto en su Narrativa como en su Gameplay."
"RoboCop: Rogue City","1681430","3 de noviembre de 2023","Recomendado","https://www.instagram.com/reel/CzL8oLIurH7/","https://store.steampowered.com/app/1681430/","Pudiendo ser tomado como otra película De la saga por su Decente Historia Sumado a un Gameplay muy bien logrado Rogue City hace todo bien."
"Hellblade: Senua's Sacrifice","414340","31 de octubre de 2023","Recomendado","https://youtu.be/gVKUbGEUBPo?si=R02KrP6Ou78Ly31m&t=172","https://store.steampowered.com/app/414340/","Encarnamos a una guerrera picta que debe resolver desafios mientras lucha con enemigos y voces en su cabeza en forma de ""maldicion"", pero que es mas parecido a una psicosis por consumo de hongos"
"DUSK","519860","30 de octubre de 2023","Recomendado","https://youtu.be/gVKUbGEUBPo?si=0A4ICxHtxmefOcg5&t=147","https://store.steampowered.com/app/519860/","Gameplay frenetico, estetica zarpada y una jugabilidad tremendas https://youtu.be/gVKUbGEUBPo?si=0A4ICxHtxmefOcg5&t=147"
"Alice: Madness Returns","19680","30 de octubre de 2023","Recomendado","https://www.instagram.com/reel/C6jzjoouKPy/?igsh=MWIxZ21vMW84emR6NQ==","https://store.steampowered.com/app/19680/","Un plataformero basado obviamente en alicia en el pais de las maravillas, pero bastante sombrio y turbio en cuentro a los flashbacks de la prota https://youtu.be/gVKUbGEUBPo?si=EDuHHAb6-nPgROf4&t=118"
"Marvel’s Spider-Man Remastered","1817070","30 de octubre de 2023","Recomendado","https://youtu.be/gVKUbGEUBPo?si=vT4vW3sg7PHXFpJQ&t=55","https://store.steampowered.com/app/1817070/","La version Definitiva y Remasterizada de este ya Clasico de Insomniac. un MUST para los fanaticos del lanza-redes trepamuros. https://youtu.be/gVKUbGEUBPo?si=vT4vW3sg7PHXFpJQ&t=55"
"DOOM 3","208200","20 de octubre de 2023","Recomendado","","https://store.steampowered.com/app/208200/","La oveja negra de la Saga en Retrospectiva, pero tambien una Obra Maestra. Esta entrega cambiaba el gameplay frenético⚡️ Por encuentros más íntimos 🫣 en un setting más survival horror 💀"
"The Talos Principle","257510","7 de octubre de 2023","Recomendado","https://www.instagram.com/reel/CyHIKfUO7_E/","https://store.steampowered.com/app/257510/","Con una cantidad abundante de herramientas para llegar al objetivo la cual nos van a hacer utilizar bastante nuestra materia gris, para nosotros esta ip juega en la misma liga que Portal"
"Disco Elysium - The Final Cut","632470","29 de septiembre de 2023","Recomendado","https://www.instagram.com/reel/Cxx5RNuO1B_/?igshid=MWZjMTM2ODFkZg==","https://store.steampowered.com/app/632470/","un titulo detectivesco noire donde debemos resolver un asesinato lleno de personajes interesantisimos donde podemos moldear a nuestro pj de toda manera posible, desde la ideologia hasta habilidades"
"Black Mesa","362890","22 de septiembre de 2023","Recomendado","https://www.instagram.com/reel/CxfzWVYOOLl/?igshid=MzRlODBiNWFlZA==","https://store.steampowered.com/app/362890/","Nos parece la mejor manera de jugar (y por que no revivir) la primer parte de esta importante saga"
"CONTROL Ultimate Edition","870780","15 de septiembre de 2023","Recomendado","https://www.instagram.com/reel/CxOXxHVOdoM/","https://store.steampowered.com/app/870780/","Un gameplay divertidisimo como nos tiene acostumbrados Remedy de disparos en tercera persona con habilidades y un apartado grafico destacable con su RTX, Control no puede faltar en tu biblioteca"
"Starfield","1716740","5 de septiembre de 2023","Recomendado","https://www.instagram.com/p/Cw-kzDdOXMy/","https://store.steampowered.com/app/1716740/","Con muchísimo contenido, pero también pesado en requerimientos y pensado para doblegar varias generaciones de Hardware. Tenemos que reconocer que Starfield es majestuoso y atrapante."
"Spyro™ Reignited Trilogy","996580","2 de septiembre de 2023","Recomendado","https://www.instagram.com/p/CwsMWmnuH18/","https://store.steampowered.com/app/996580/","Nos trae los tres primeros juegos del dragón violeta, en un Remake que se ve de la ♥♥♥♥♥"
"Crash Bandicoot™ N. Sane Trilogy","731490","2 de septiembre de 2023","Recomendado","https://www.instagram.com/p/CwsMWmnuH18/","https://store.steampowered.com/app/731490/","Reune los tres primeros juegos de Crash en Steam, pero en un Remake con un aspecto visual renovado y muy fachero."
"Blasphemous","774361","19 de agosto de 2023","Recomendado","https://www.instagram.com/p/CwGb7R1rSm0/","https://store.steampowered.com/app/774361/","Blasphemous es un soulslike con aire darksoulero ambientado en tierras españolas, bien gore y con un soundtrack de la ♥♥♥♥♥♥."
"Dishonored","205100","11 de agosto de 2023","Recomendado","https://www.instagram.com/p/CvzpAPlMsGg/","https://store.steampowered.com/app/205100/","Sos el guardia personal de una emperatriz, la matan delante tuyo, te culpan del asesinato y secuestran a su hija. vos tenes que limpiar tu nombre, destapar una conspiracion y salvar a la pibita. goty."
"BioShock™","7670","5 de agosto de 2023","Recomendado","https://www.instagram.com/p/Cvk6xfurMzQ/","https://store.steampowered.com/app/7670/","un pack de juegos que no necesita introduccion a 100 pesos argentinos sin impuestos https://store.steampowered.com/sub/127633/"
"Void Bastards","857980","28 de julio de 2023","Recomendado","https://www.instagram.com/p/CvQa6eJpFGQ/","https://store.steampowered.com/app/857980/","Tomando mucha inspiración de Bioshock y su abuelo System Shock 2, tenemos un cuidado apartado visual cell shading y una experiencia dinámica por como afrontamos las tareas necesarias para sobrevivir"
"Hotshot Racing","609920","21 de julio de 2023","Recomendado","https://www.instagram.com/p/Cu-NxZnskTl/","https://store.steampowered.com/app/609920/","Con un apartado grafico vintage, pero muy cuidado tenemos una jugabilidad pulida pero a la vez aspera como todo juego de carreras que se haga respetar, sumado a una banda de la ♥♥♥♥♥♥"
"Far Cry® 6","2369390","15 de julio de 2023","Informativo","https://youtu.be/TlH1fG36fv0","https://store.steampowered.com/app/2369390/","sin gran innovacion no va a ser recordado como una obra maestra pero sigue siendo una experiencia entretenida para los amantes de la saga"
"Mafia: Edición Definitiva","1030840","14 de julio de 2023","Recomendado","https://www.instagram.com/p/Cusa-XUuy37/","https://store.steampowered.com/app/1030840/","Una historia de ascenso y caída a lo Scorsese, donde no faltan los elementos típicos del género: La mafia enemiga, el amigo ♥♥♥♥♥♥, la novia a la que proteger."
"CULTIC","1684930","10 de julio de 2023","Recomendado","","https://store.steampowered.com/app/1684930/","si sos fana de los denominados boomer shooter, este fps con sabor a blood te va a sacar mas de una sonrisa tanto en su gameplay simil como en su apartado grafico tan vintage"
"System Shock","482400","3 de junio de 2023","Recomendado","https://www.instagram.com/p/DCJpMZHJOfG/","https://store.steampowered.com/app/482400/","Realmente Nightdive se saco de la galera despues de unos 8 años de desarollo un remake q rejuvenece no solo graficamente, sino en un gameplay mas moderno vs su original"
"Deep Rock Galactic","548430","5 de diciembre de 2020","Recomendado","https://www.instagram.com/reel/CyVzapFuWYR/","https://store.steampowered.com/app/548430/","con una estetica y onda muy minecraft pero con un gameplay unico este dungeon crawler presenta muchisimo farming de una manera acertada, leveleo de pjs, armas y caracteristicas rpg."
"Prodeus","964800","11 de noviembre de 2020","Recomendado","","https://store.steampowered.com/app/964800/","un Fps Frenetico con un Mix Perfecto de ADN del Doom Original y el 2016, la parte sonora es destacable, pero el diseño de niveles se lleva el premio."
